dataset_id,groundtruth,embedding_top1,embedding_top2,embedding_top3,embedding_top4,embedding_top5,tfidf_top1,tfidf_top2,tfidf_top3,tfidf_top4,tfidf_top5,hybrid_top1,hybrid_top2,hybrid_top3,hybrid_top4,hybrid_top5,embedding_gt_avg_rank,tfidf_gt_avg_rank,hybrid_gt_avg_rank
5a39d7ed-45c9-4a79-b581-e5fb99e24f65_raw_events,T1057 | Process Discovery,Msiexec: 3664 (44.67%),Regsvr32: 3471 (42.32%),Netsh Helper DLL: 668 (8.14%),Service Registry Permissions Weakness: 399 (4.86%),,Service Registry Permissions Weakness: 4124 (50.28%),Path Interception: 1686 (20.56%),Odbcconf: 1585 (19.32%),Asymmetric Cryptography: 807 (9.84%),,Msiexec: 3664 (44.67%),Regsvr32: 2324 (28.33%),Service Registry Permissions Weakness: 1860 (22.68%),Path Interception by Search Order Hijacking: 354 (4.32%),,42.362716410631556,85.06851987320165,44.89319678127286
66a5fd5f244819181f074dd082a28905_raw_events,T1564.001 | Hide Artifacts: Hidden Files and Directories,Shared Modules: 139 (43.3%),Msiexec: 92 (28.66%),Winlogon Helper DLL: 49 (15.26%),Regsvr32: 41 (12.77%),,Path Interception: 252 (78.5%),Accessibility Features: 69 (21.5%),,,,Msiexec: 118 (36.76%),Regsvr32: 111 (34.58%),Service Registry Permissions Weakness: 49 (15.26%),Path Interception: 43 (13.4%),,140.7196261682243,82.25545171339564,125.67601246105919
1afaec09315ab71fdfb167175e8a019a_raw_events,T1566.001 | Phishing: Spearphishing Attachment,Rundll32: 2828 (26.69%),Netsh Helper DLL: 2545 (24.02%),System Binary Proxy Execution: 2208 (20.84%),Steal or Forge Authentication Certificates: 1381 (13.04%),Regsvr32: 1002 (9.46%),Path Interception by Search Order Hijacking: 10594 (100.0%),,,,,Path Interception by Search Order Hijacking: 10594 (100.0%),,,,,325.96686803851236,426.3402869548801,345.23003586936
1f91076e2be2014cc7b4f1296de02fd6_raw_events,T1070.005 | Indicator Removal on Host: Network Share Connection Removal,Shared Modules: 444 (95.69%),Change Default File Association: 20 (4.31%),,,,Service Registry Permissions Weakness: 368 (79.31%),Services Registry Permissions Weakness: 96 (20.69%),,,,Service Registry Permissions Weakness: 256 (55.17%),Services Registry Permissions Weakness: 155 (33.41%),Registry Run Keys / Startup Folder: 53 (11.42%),,,72.58620689655173,404.14870689655174,87.57758620689656
5a4cb2be-2684-4801-9355-3a90c91e0004_raw_events,T1046 | Network Service Scanning,Netsh Helper DLL: 95376 (100.0%),,,,,System Network Configuration Discovery: 95376 (100.0%),,,,,Netsh Helper DLL: 95376 (100.0%),,,,,11.555800201308505,528.2151170105687,20.88312573393726
9f73269695e54311dd61dc68940fb3e1_raw_events,T1003.003 | OS Credential Dumping: NTDS,Print Processors: 832 (56.95%),Regsvr32: 319 (21.83%),NTDS: 215 (14.72%),Shared Modules: 95 (6.5%),,Local Account: 617 (42.23%),Verclsid: 325 (22.25%),Service Registry Permissions Weakness: 291 (19.92%),Accessibility Features: 228 (15.61%),,Port Monitors: 442 (30.25%),NTDS: 368 (25.19%),Service Registry Permissions Weakness: 291 (19.92%),Regsvr32: 283 (19.37%),Inhibit System Recovery: 77 (5.27%),4.298425735797399,23.095824777549623,4.648186173853525
94f51bf01a7036fe02d07b4c18967669_raw_events,T1562.002 | Impair Defenses: Disable Windows Event Logging,Service Registry Permissions Weakness: 229 (56.97%),Regsvr32: 54 (13.43%),Winlogon Helper DLL: 53 (13.18%),Regsvcs/Regasm: 27 (6.72%),Port Monitors: 24 (5.97%),Clear Windows Event Logs: 375 (93.28%),InstallUtil: 27 (6.72%),,,,Service Registry Permissions Weakness: 194 (48.26%),Regsvr32: 146 (36.32%),Port Monitors: 47 (11.69%),InstallUtil: 15 (3.73%),,43.71890547263681,36.94776119402985,41.069651741293534
d82ceb9939d3d920ee550187ad8235c8_raw_events,T1486 | Data Encrypted for Impact,Msiexec: 116 (80.56%),Winlogon Helper DLL: 28 (19.44%),,,,Windows Command Shell: 144 (100.0%),,,,,Msiexec: 144 (100.0%),,,,,125.71527777777777,493.1875,135.04861111111111
0ef4cc7b-611c-4237-b20b-db36b6906554_raw_events,T1003.001 | OS Credential Dumping: LSASS Memory,Shared Modules: 14417 (50.77%),Msiexec: 13981 (49.23%),,,,LSASS Driver: 8919 (31.41%),Regsvr32: 7518 (26.47%),Path Interception: 7096 (24.99%),Accessibility Features: 3181 (11.2%),Path Interception by Search Order Hijacking: 1684 (5.93%),Msiexec: 18365 (64.67%),LSASS Driver: 8205 (28.89%),Regsvr32: 1828 (6.44%),,,30.589337277273046,14.516233537573068,21.862490316219453
2dece965-37a0-4f70-a391-0f30e3331aba_raw_events,T1518.001 | Software Discovery: Security Software Discovery,Msiexec: 6030 (68.13%),Regsvr32: 2821 (31.87%),,,,Service Registry Permissions Weakness: 2475 (27.96%),Path Interception by Search Order Hijacking: 2321 (26.22%),Install Root Certificate: 1835 (20.73%),Accessibility Features: 1122 (12.68%),SIP and Trust Provider Hijacking: 727 (8.21%),Msiexec: 4853 (54.83%),Regsvr32: 2364 (26.71%),Service Registry Permissions Weakness: 1634 (18.46%),,,71.25703310360412,172.37272624562198,70.43927239859903
5a39d7ed-45c9-4a79-b581-e5fb99e24f65_raw_events,T1057 | Process Discovery,Shared Modules: 1871 (22.81%),Regsvr32: 1718 (20.95%),Steal or Forge Authentication Certificates: 1666 (20.31%),Service Registry Permissions Weakness: 680 (8.29%),Change Default File Association: 633 (7.72%),Email Accounts: 3839 (46.81%),InstallUtil: 1718 (20.95%),Asymmetric Cryptography: 1198 (14.61%),Accessibility Features: 514 (6.27%),DLL Search Order Hijacking: 497 (6.06%),Shared Modules: 1871 (22.81%),Steal or Forge Authentication Certificates: 1666 (20.31%),Asymmetric Cryptography: 1003 (12.23%),Regsvcs/Regasm: 883 (10.77%),Service Registry Permissions Weakness: 680 (8.29%),109.0452328700317,478.57144598878324,113.16825164594002
e6715e61f5df646692c624b3499384c4_raw_events,T1105 | Ingress Tool Transfer,Regsvr32: 142 (29.83%),Service Registry Permissions Weakness: 102 (21.43%),Shared Modules: 94 (19.75%),Change Default File Association: 57 (11.97%),Winlogon Helper DLL: 45 (9.45%),Email Accounts: 170 (35.71%),Security Support Provider: 121 (25.42%),Accessibility Features: 94 (19.75%),Odbcconf: 32 (6.72%),RDP Hijacking: 23 (4.83%),Service Registry Permissions Weakness: 195 (40.97%),Regsvr32: 102 (21.43%),Change Default File Association: 57 (11.97%),Shared Modules: 35 (7.35%),Accessibility Features: 32 (6.72%),195.88025210084032,250.78151260504202,192.82983193277312
68235976-2404-42a8-9105-68230cfef562_raw_events,T1491 | Defacement,Shared Modules: 3988 (25.07%),Regsvr32: 2746 (17.26%),Steal or Forge Authentication Certificates: 2333 (14.67%),System Binary Proxy Execution: 2208 (13.88%),Winlogon Helper DLL: 1709 (10.74%),Email Accounts: 8572 (53.89%),Asymmetric Cryptography: 3690 (23.2%),InstallUtil: 2235 (14.05%),Service Registry Permissions Weakness: 1409 (8.86%),,Shared Modules: 3988 (25.07%),Regsvcs/Regasm: 3177 (19.97%),Service Registry Permissions Weakness: 3118 (19.6%),Asymmetric Cryptography: 1856 (11.67%),Change Default File Association: 1440 (9.05%),487.44209732176535,346.29435433169874,488.5417452533635
66a5fd5f244819181f074dd082a28905_raw_events,T1564.001 | Hide Artifacts: Hidden Files and Directories,Regsvr32: 86 (26.79%),Shared Modules: 66 (20.56%),Winlogon Helper DLL: 56 (17.45%),Change Default File Association: 41 (12.77%),Service Registry Permissions Weakness: 37 (11.53%),Security Support Provider: 123 (38.32%),Accessibility Features: 66 (20.56%),Control Panel: 53 (16.51%),Email Accounts: 41 (12.77%),RDP Hijacking: 28 (8.72%),Service Registry Permissions Weakness: 161 (50.16%),Control Panel: 53 (16.51%),Accessibility Features: 46 (14.33%),Change Default File Association: 41 (12.77%),Shared Modules: 20 (6.23%),175.7601246105919,224.04361370716512,175.6791277258567
52177cc1-b9ab-4411-ac21-2eadc4b5d3b8_raw_events,T1083 | File and Directory Discovery,Regsvr32: 2564 (30.01%),Shared Modules: 2287 (26.77%),Steal or Forge Authentication Certificates: 1579 (18.48%),System Binary Proxy Execution: 922 (10.79%),Change Default File Association: 628 (7.35%),Email Accounts: 5058 (59.2%),InstallUtil: 1992 (23.31%),Asymmetric Cryptography: 922 (10.79%),Disable Windows Event Logging: 286 (3.35%),Accessibility Features: 286 (3.35%),Shared Modules: 2001 (23.42%),Steal or Forge Authentication Certificates: 1579 (18.48%),Asymmetric Cryptography: 922 (10.79%),Service Registry Permissions Weakness: 850 (9.95%),Regsvcs/Regasm: 838 (9.81%),205.88600187265916,526.3561563670412,210.68937265917603
7fe6a66d03f4dbfc022609ba311c2b11_raw_events,T1112 | Modify Registry,Regsvr32: 143 (46.89%),Change Default File Association: 66 (21.64%),Service Registry Permissions Weakness: 33 (10.82%),Winlogon Helper DLL: 24 (7.87%),Regsvcs/Regasm: 20 (6.56%),Security Support Provider: 113 (37.05%),Email Accounts: 75 (24.59%),Control Panel: 63 (20.66%),Accessibility Features: 30 (9.84%),RDP Hijacking: 24 (7.87%),Service Registry Permissions Weakness: 152 (49.84%),Regsvr32: 44 (14.43%),Change Default File Association: 42 (13.77%),Regsvcs/Regasm: 28 (9.18%),Control Panel: 20 (6.56%),84.8360655737705,286.9901639344262,89.26885245901639
1afaec09315ab71fdfb167175e8a019a_raw_events,T1566.001 | Phishing: Spearphishing Attachment,Shared Modules: 2315 (21.85%),Steal or Forge Authentication Certificates: 2089 (19.72%),System Binary Proxy Execution: 1299 (12.26%),Netsh Helper DLL: 1229 (11.6%),Regsvr32: 1094 (10.33%),Email Accounts: 6220 (58.71%),Service Registry Permissions Weakness: 1856 (17.52%),Asymmetric Cryptography: 1299 (12.26%),InstallUtil: 1219 (11.51%),,Service Registry Permissions Weakness: 2796 (26.39%),Shared Modules: 2315 (21.85%),Steal or Forge Authentication Certificates: 2089 (19.72%),Asymmetric Cryptography: 1299 (12.26%),Change Default File Association: 876 (8.27%),532.1476307343779,380.7081366811403,535.0285067019067
1095434782a00c8a4772a11e625bcf5d_raw_events,T1105 | Ingress Tool Transfer,Regsvr32: 236 (25.76%),Service Registry Permissions Weakness: 153 (16.7%),Netsh Helper DLL: 151 (16.48%),Regsvcs/Regasm: 148 (16.16%),Shared Modules: 147 (16.05%),Service Registry Permissions Weakness: 532 (58.08%),Security Support Provider: 156 (17.03%),Accessibility Features: 109 (11.9%),Email Accounts: 81 (8.84%),Device Driver Discovery: 38 (4.15%),Service Registry Permissions Weakness: 688 (75.11%),Change Default File Association: 81 (8.84%),Port Monitors: 77 (8.41%),Shared Modules: 41 (4.48%),Accessibility Features: 29 (3.17%),159.99454148471617,331.39519650655023,160.8646288209607
163b023f43aba758d36f524d146cb8ea_raw_events,T1547.001 | Boot or Logon Autostart Execution: Registry Run Keys / Startup Folder,Regsvr32: 106 (34.75%),Change Default File Association: 78 (25.57%),Winlogon Helper DLL: 57 (18.69%),Shared Modules: 33 (10.82%),Service Registry Permissions Weakness: 26 (8.52%),Security Support Provider: 138 (45.25%),Control Panel: 48 (15.74%),Email Accounts: 46 (15.08%),Accessibility Features: 44 (14.43%),InstallUtil: 13 (4.26%),Service Registry Permissions Weakness: 168 (55.08%),Change Default File Association: 41 (13.44%),Accessibility Features: 33 (10.82%),Control Panel: 24 (7.87%),Regsvcs/Regasm: 13 (4.26%),14.485245901639344,58.26229508196721,16.373770491803278
e2af3c3ab1b0f659c874b8af58c49759_raw_events,T1137.002 | Office Application Startup: Office Test,Regsvr32: 86 (26.96%),Service Registry Permissions Weakness: 77 (24.14%),Shared Modules: 65 (20.38%),Change Default File Association: 51 (15.99%),Regsvcs/Regasm: 21 (6.58%),Email Accounts: 110 (34.48%),Security Support Provider: 93 (29.15%),Control Panel: 54 (16.93%),Accessibility Features: 43 (13.48%),RDP Hijacking: 19 (5.96%),Service Registry Permissions Weakness: 204 (63.95%),Change Default File Association: 51 (15.99%),Regsvcs/Regasm: 21 (6.58%),Shared Modules: 17 (5.33%),Accessibility Features: 15 (4.7%),20.70219435736677,183.79310344827587,23.5423197492163
29451844-9b76-4e16-a9ee-d6feab4b24db_raw_events,T1082 | System Information Discovery,Steal or Forge Authentication Certificates: 1412 (19.67%),Shared Modules: 1298 (18.08%),Regsvr32: 1294 (18.02%),System Binary Proxy Execution: 1079 (15.03%),Change Default File Association: 579 (8.06%),Email Accounts: 2385 (33.22%),InstallUtil: 1349 (18.79%),DLL Search Order Hijacking: 1298 (18.08%),Asymmetric Cryptography: 1080 (15.04%),Service Registry Permissions Weakness: 588 (8.19%),Steal or Forge Authentication Certificates: 1412 (19.67%),Shared Modules: 1298 (18.08%),Asymmetric Cryptography: 1080 (15.04%),Service Registry Permissions Weakness: 982 (13.68%),InstallUtil: 706 (9.83%),122.18328690807799,243.39150417827298,124.51476323119778
1258b063-27d6-489b-a677-4807faacf868_raw_events,T1497.001 | Virtualization/Sandbox Evasion: System Checks,Shared Modules: 2807 (26.53%),Steal or Forge Authentication Certificates: 2310 (21.83%),Regsvr32: 1397 (13.2%),Winlogon Helper DLL: 1079 (10.2%),System Binary Proxy Execution: 882 (8.33%),Email Accounts: 5928 (56.02%),InstallUtil: 1753 (16.57%),Accessibility Features: 1147 (10.84%),Asymmetric Cryptography: 882 (8.33%),Service Registry Permissions Weakness: 872 (8.24%),Shared Modules: 2807 (26.53%),Service Registry Permissions Weakness: 2520 (23.81%),Steal or Forge Authentication Certificates: 1885 (17.81%),Asymmetric Cryptography: 882 (8.33%),System Binary Proxy Execution: 862 (8.15%),251.18956718956719,375.81610281610284,254.86732186732186
da86001b5081fcf773d8e62f22cf2b00_raw_events,T1125 | Video Capture,Regsvr32: 161 (33.54%),Service Registry Permissions Weakness: 128 (26.67%),Change Default File Association: 64 (13.33%),Shared Modules: 52 (10.83%),Winlogon Helper DLL: 51 (10.62%),Security Support Provider: 187 (38.96%),Email Accounts: 117 (24.38%),Control Panel: 106 (22.08%),Accessibility Features: 70 (14.58%),,Service Registry Permissions Weakness: 218 (45.42%),Control Panel: 75 (15.62%),Regsvr32: 71 (14.79%),Change Default File Association: 64 (13.33%),Accessibility Features: 52 (10.83%),422.59791666666666,493.81666666666666,429.4458333333333
1f91076e2be2014cc7b4f1296de02fd6_raw_events,T1070.005 | Indicator Removal on Host: Network Share Connection Removal,Winlogon Helper DLL: 134 (28.88%),Regsvr32: 129 (27.8%),Change Default File Association: 100 (21.55%),Shared Modules: 60 (12.93%),Service Registry Permissions Weakness: 41 (8.84%),Control Panel: 187 (40.3%),Accessibility Features: 84 (18.1%),Email Accounts: 82 (17.67%),Security Support Provider: 52 (11.21%),Service Registry Permissions Weakness: 41 (8.84%),Service Registry Permissions Weakness: 203 (43.75%),Change Default File Association: 63 (13.58%),Control Panel: 57 (12.28%),Regsvcs/Regasm: 39 (8.41%),Shared Modules: 32 (6.9%),327.60129310344826,381.7564655172414,337.4461206896552
8adf02e8-6e71-4244-886c-98c402857404_raw_events,T1057 | Process Discovery,Port Monitors: 3283 (23.14%),Regsvr32: 3015 (21.25%),Shared Modules: 2868 (20.22%),Steal or Forge Authentication Certificates: 2098 (14.79%),Winlogon Helper DLL: 1069 (7.54%),Email Accounts: 7058 (49.76%),Clear Linux or Mac System Logs: 3283 (23.14%),InstallUtil: 1963 (13.84%),Asymmetric Cryptography: 884 (6.23%),Accessibility Features: 767 (5.41%),Clear Linux or Mac System Logs: 3283 (23.14%),Shared Modules: 2868 (20.22%),Regsvcs/Regasm: 2146 (15.13%),Service Registry Permissions Weakness: 1439 (10.14%),Steal or Forge Authentication Certificates: 1020 (7.19%),95.32492069087064,463.3772294677476,98.50348960169192
9f73269695e54311dd61dc68940fb3e1_raw_events,T1003.003 | OS Credential Dumping: NTDS,Regsvr32: 679 (46.48%),Shared Modules: 224 (15.33%),Winlogon Helper DLL: 201 (13.76%),Change Default File Association: 145 (9.92%),Netsh Helper DLL: 143 (9.79%),Email Accounts: 390 (26.69%),Verclsid: 383 (26.21%),Accessibility Features: 224 (15.33%),Security Support Provider: 200 (13.69%),Service Registry Permissions Weakness: 143 (9.79%),Service Registry Permissions Weakness: 413 (28.27%),Verclsid: 383 (26.21%),Regsvr32: 205 (14.03%),Shared Modules: 138 (9.45%),Regsvcs/Regasm: 121 (8.28%),39.464750171115675,376.1327857631759,43.91033538672142
bd527b63-9f9e-46e0-9816-b8434d2b8989_raw_events,T1033 | System Owner/User Discovery,Steal or Forge Authentication Certificates: 1740 (23.38%),Shared Modules: 1397 (18.77%),Regsvr32: 1091 (14.66%),Winlogon Helper DLL: 1058 (14.22%),System Binary Proxy Execution: 969 (13.02%),Email Accounts: 2605 (35.0%),InstallUtil: 2131 (28.63%),DLL Search Order Hijacking: 1121 (15.06%),Asymmetric Cryptography: 969 (13.02%),Disable Windows Event Logging: 616 (8.28%),Steal or Forge Authentication Certificates: 1410 (18.95%),Shared Modules: 1397 (18.77%),Service Registry Permissions Weakness: 1058 (14.22%),Regsvcs/Regasm: 1003 (13.48%),InstallUtil: 688 (9.24%),270.1523783929051,310.71674281107227,273.5276807309863
94f51bf01a7036fe02d07b4c18967669_raw_events,T1562.002 | Impair Defenses: Disable Windows Event Logging,Regsvr32: 141 (35.07%),Shared Modules: 78 (19.4%),Change Default File Association: 61 (15.17%),Regsvcs/Regasm: 53 (13.18%),Service Registry Permissions Weakness: 37 (9.2%),Security Support Provider: 178 (44.28%),Accessibility Features: 78 (19.4%),Control Panel: 67 (16.67%),Email Accounts: 61 (15.17%),InstallUtil: 18 (4.48%),Service Registry Permissions Weakness: 178 (44.28%),Control Panel: 67 (16.67%),Change Default File Association: 61 (15.17%),Accessibility Features: 52 (12.94%),Shared Modules: 26 (6.47%),52.853233830845774,12.425373134328359,35.992537313432834
d82ceb9939d3d920ee550187ad8235c8_raw_events,T1486 | Data Encrypted for Impact,Shared Modules: 52 (36.11%),Change Default File Association: 29 (20.14%),Winlogon Helper DLL: 28 (19.44%),Regsvcs/Regasm: 21 (14.58%),Regsvr32: 14 (9.72%),Email Accounts: 57 (39.58%),Security Support Provider: 52 (36.11%),Control Panel: 35 (24.31%),,,Service Registry Permissions Weakness: 94 (65.28%),Change Default File Association: 29 (20.14%),Control Panel: 21 (14.58%),,,356.50694444444446,500.50694444444446,365.0208333333333
9e5e4c0655fd1b5be88bd40b8251175f_raw_events,T1490 | Inhibit System Recovery,Regsvr32: 340 (54.4%),Shared Modules: 91 (14.56%),Winlogon Helper DLL: 85 (13.6%),Change Default File Association: 65 (10.4%),Msiexec: 23 (3.68%),Security Support Provider: 225 (36.0%),Email Accounts: 131 (20.96%),Accessibility Features: 114 (18.24%),Control Panel: 74 (11.84%),Verclsid: 24 (3.84%),Service Registry Permissions Weakness: 384 (61.44%),Change Default File Association: 65 (10.4%),Accessibility Features: 52 (8.32%),Shared Modules: 39 (6.24%),Verclsid: 24 (3.84%),107.8608,219.0208,108.0224
2dece965-37a0-4f70-a391-0f30e3331aba_raw_events,T1518.001 | Software Discovery: Security Software Discovery,Regsvr32: 2435 (27.51%),Steal or Forge Authentication Certificates: 2057 (23.24%),Shared Modules: 1559 (17.61%),Winlogon Helper DLL: 994 (11.23%),System Binary Proxy Execution: 721 (8.15%),Email Accounts: 3772 (42.62%),InstallUtil: 1565 (17.68%),Asymmetric Cryptography: 1341 (15.15%),DLL Search Order Hijacking: 1245 (14.07%),Security Support Provider: 662 (7.48%),Service Registry Permissions Weakness: 1598 (18.05%),Shared Modules: 1559 (17.61%),Steal or Forge Authentication Certificates: 1143 (12.91%),Regsvr32: 1091 (12.33%),SIP and Trust Provider Hijacking: 914 (10.33%),114.37182239294995,115.87843181561405,101.06044514744097
